family,endpoint,metric,status,delta,mix,within,mix_F,mix_A,mix_N,within_F,within_A,within_N
breakout,equal_day,C,evaluable,0.006681839008225665,0.020763053751282814,-0.014081214743057242,0.010514733863369024,0.015528663949671912,-0.005280344061758122,-0.010675579453471421,0.004181291812933559,-0.007586927102519381
breakout,equal_day,P,evaluable,0.0139198310570674,0.021523136015387623,-0.0076033049583201975,0.010752280984686674,0.015468065873530208,-0.004697210842829257,-0.004927866172675248,0.005800471825980672,-0.008475910611625621
breakout,equal_day,R,evaluable,0.02449902546121646,0.0228053944522832,0.001693631008933231,0.010542579088658285,0.01620885641515168,-0.003946041051526766,0.006257061313955272,0.00466092914716318,-0.009224359452185221
breakout,equal_day,onehot-F,evaluable,-0.021896690336630886,-0.021896690336630924,5.774430583281605e-16,0.0,0.022744868950602858,-0.04464155928723378,0.0,1.2068758882907585e-16,4.567554694990846e-16
breakout,equal_day,onehot-A,evaluable,-0.02274486895060257,-0.02274486895060252,5.708772174473413e-16,0.02189669033663126,0.0,-0.04464155928723378,1.1412174794825668e-16,0.0,4.567554694990846e-16
breakout,equal_day,onehot-N,evaluable,0.04464155928723451,0.04464155928723412,2.348093367773325e-16,0.02189669033663126,0.022744868950602858,-0.0,1.1412174794825668e-16,1.2068758882907585e-16,0.0
breakout,equal_day,uniform,evaluable,-5.551115123125783e-17,1.1362438767648086e-16,-2.8729538628204343e-16,0.007298896778877096,0.007581622983534298,-0.01488051976241128,-5.706087397412834e-17,-3.448216823687881e-17,-1.9575234407103629e-16
breakout,equal_day,train-frequency,evaluable,0.013283904961040482,0.01328390496104031,3.1637281347359767e-16,0.008019967707405628,0.0131491675414312,-0.007885230287796518,1.1412174794825668e-16,1.2068758882907585e-16,8.156347669626513e-17
breakout,equal_day,P-C,evaluable,0.0072379920488418684,0.0007600822641048135,0.006477909784737057,0.00023754712131764647,-6.0598076141698535e-05,0.0005831332189288655,0.005747713280796226,0.0016191800130470637,-0.0008889835091062327
breakout,equal_day,R-C,evaluable,0.01781718645299085,0.0020423407010003937,0.015774845751990462,2.7845225289260173e-05,0.0006801924654797777,0.0013343030102313557,0.01693264076742673,0.000479637334229577,-0.001637432349665842
breakout,equal_day,R-P,evaluable,0.010579194404148978,0.00128225843689558,0.0092969359672534,-0.00020970189602838638,0.0007407905416214763,0.00075116979130249,0.011184927486630502,-0.001139542678817487,-0.0007484488405596162
breakout,equal_day,C-frequency,evaluable,-0.006602065952814792,0.007479148790242483,-0.01408121474305726,0.002494766155963395,0.0023794964082406926,0.0026048862260383957,-0.01067557945347144,0.0041812918129335505,-0.007586927102519369
breakout,equal_day,P-frequency,evaluable,0.0006359260960270784,0.008239231054347295,-0.007603304958320214,0.0027323132772810407,0.0023188983320989944,0.003188019444967261,-0.004927866172675209,0.0058004718259806074,-0.008475910611625613
breakout,equal_day,R-frequency,evaluable,0.011215120500176059,0.009521489491242876,0.0016936310089331842,0.0025226113812526537,0.0030596888737204706,0.003939189236269751,0.0062570613139553005,0.0046609291471631205,-0.009224359452185237
breakout,equal_day,frequency-uniform,evaluable,0.01328390496104026,0.013283904961040212,2.7460356116391067e-17,0.0007210709285285376,0.005567544557896927,0.006995289474614748,-1.7831523116915105e-18,1.2930813088829553e-17,1.6312695339253024e-17
breakout,pooled,C,evaluable,0.023057061424944736,0.035485980719420135,-0.012428919294475437,0.025138002418091457,0.02099492471476422,-0.01064694641343554,-0.014381774592390921,0.003255179381794012,-0.0013023240838785275
breakout,pooled,P,evaluable,0.029896545507247352,0.03698865519131546,-0.0070921096840681755,0.02576217725979376,0.02091003852725073,-0.00968356059572903,-0.008305533077370718,0.00531321652047619,-0.0040997931271736475
breakout,pooled,R,evaluable,0.0425607723200529,0.03945788040332722,0.0031028919167257266,0.025468532999025333,0.02202306949089271,-0.008033722086590827,0.0036660608201290875,0.0036745902302132705,-0.0042377591336166314
breakout,pooled,onehot-F,evaluable,-0.05397325603556313,-0.05397325603556381,3.872132904638913e-17,0.0,0.03097451035143009,-0.0849477663869939,0.0,3.872132904638913e-17,0.0
breakout,pooled,onehot-A,evaluable,-0.030974510351428286,-0.030974510351429792,2.0033526962361324e-16,0.05397325603556411,0.0,-0.0849477663869939,2.0033526962361324e-16,0.0,0.0
breakout,pooled,onehot-N,evaluable,0.08494776638699386,0.0849477663869942,2.3905659867000236e-16,0.05397325603556411,0.03097451035143009,-0.0,2.0033526962361324e-16,3.872132904638913e-17,0.0
breakout,pooled,uniform,evaluable,-2.220446049250313e-16,1.1275702593849246e-16,2.527677578077402e-16,0.017991085345188042,0.010324836783810023,-0.02831592212899795,1.168622406137744e-16,1.9360664523194565e-17,1.165448526707712e-16
breakout,pooled,train-frequency,evaluable,0.022670620855985035,0.022670620855984907,-9.750157609057983e-17,0.01976845650251613,0.01790685305812475,-0.015004688704655971,-1.168622406137744e-16,1.9360664523194565e-17,0.0
breakout,pooled,P-C,evaluable,0.006839484082302637,0.0015026744718953182,0.0053368096104073216,0.0006241748417022991,-8.488618751349375e-05,0.0009633858177065129,0.0060762415150202006,0.002058037138682217,-0.002797469043295096
breakout,pooled,R-C,evaluable,0.019503710895108356,0.0039718996839070665,0.015531811211201296,0.00033053058093387,0.0010281447761284804,0.002613224326844716,0.018047835412520044,0.00041941084841932015,-0.002935435049738069
breakout,pooled,R-P,evaluable,0.01266422681280572,0.00246922521201175,0.010195001600793965,-0.00029364426076842885,0.0011130309636419747,0.001649838509138204,0.011971593897499841,-0.0016386262902629014,-0.0001379660064429744
breakout,pooled,C-frequency,evaluable,0.0003864405689597396,0.012815359863435244,-0.012428919294475507,0.005369545915575337,0.003088071656639473,0.004357742291220434,-0.014381774592390949,0.0032551793817939736,-0.0013023240838785312
breakout,pooled,P-frequency,evaluable,0.0072259246512623755,0.014318034335330559,-0.007092109684068178,0.005993720757277634,0.0030031854691259787,0.005321128108926946,-0.008305533077370735,0.00531321652047619,-0.004099793127173633
breakout,pooled,R-frequency,evaluable,0.019890151464068098,0.01678725954734231,0.0031028919167257947,0.005700076496509206,0.004116216432767952,0.006970966618065149,0.003666060820129104,0.0036745902302132995,-0.004237759133616609
breakout,pooled,frequency-uniform,evaluable,0.022670620855984792,0.02267062085598477,4.024479117280444e-17,0.0017773711573280731,0.007582016274314726,0.013311233424341972,-8.347302900983885e-18,-9.680332261597282e-18,5.82724263353856e-17
rebound,equal_day,C,evaluable,0.008828544614299827,0.008453083074334,0.00037546153996556304,0.011798794413951907,0.01286419770703864,-0.016209909046656548,0.001779969412379146,0.0032980208760459867,-0.00470252874845957
rebound,equal_day,P,evaluable,0.008005998856796093,0.009436738627642851,-0.0014307397708466511,0.011980869008968179,0.013166020994737942,-0.01571015137606327,0.0010545062552775046,0.004388606154017121,-0.006873852180141277
rebound,equal_day,R,evaluable,0.018077130381136786,0.014875103474737585,0.003202026906399185,0.012991601223013701,0.015625451789581902,-0.013741949537858018,-0.000970381824595749,0.004561886867841037,-0.0003894781368461029
rebound,equal_day,onehot-F,evaluable,-0.01662263987489676,-0.016622639874896712,3.044207426167365e-16,0.0,0.04616557617778965,-0.06278821605268636,0.0,1.910821140371984e-16,1.1333862857953811e-16
rebound,equal_day,onehot-A,evaluable,-0.046165576177789935,-0.04616557617778991,1.3308600756987906e-16,0.01662263987489646,0.0,-0.06278821605268636,1.974737899034094e-17,0.0,1.1333862857953811e-16
rebound,equal_day,onehot-N,evaluable,0.06278821605268597,0.06278821605268611,2.1082949302753935e-16,0.01662263987489646,0.04616557617778965,-0.0,1.974737899034094e-17,1.910821140371984e-16,0.0
rebound,equal_day,uniform,evaluable,1.1102230246251565e-16,-7.546047120499111e-17,-3.442234983859543e-17,0.005540879958298822,0.01538852539259657,-0.020929405350895467,0.0,-1.19426321273249e-16,8.500397143465358e-17
rebound,equal_day,train-frequency,evaluable,0.006564892239578846,0.006564892239578962,-8.404018810733368e-18,0.010697032941891558,0.01176816829115069,-0.015900308993463286,6.58245966344698e-18,-7.16557927639494e-17,5.666931428976906e-17
rebound,equal_day,P-C,evaluable,-0.0008225457575034708,0.0009836555533088447,-0.0018062013108123155,0.00018207459501627213,0.000301823287699299,0.0004997576705932735,-0.000725463157101632,0.0010905852779711134,-0.002171323431681797
rebound,equal_day,R-C,evaluable,0.00924858576683716,0.006422020400403588,0.002826565366433567,0.0011928068090617972,0.002761254082543264,0.002467959508798527,-0.0027503512369748957,0.0012638659917950294,0.004313050611613433
rebound,equal_day,R-P,evaluable,0.010071131524340634,0.005438364847094742,0.0046327666772458895,0.0010107322140455247,0.0024594307948439644,0.0019682018382052528,-0.0020248880798732632,0.00017328071382392553,0.006484374043295227
rebound,equal_day,C-frequency,evaluable,0.0022636523747206275,0.0018881908347550545,0.0003754615399655715,0.0011017614720603495,0.0010960294158879563,-0.0003096000531932514,0.001779969412379141,0.0032980208760459958,-0.004702528748459565
rebound,equal_day,P-frequency,evaluable,0.00144110661721715,0.0028718463880638995,-0.001430739770846745,0.0012838360670766216,0.0013978527035872557,0.00019015761740002215,0.0010545062552775087,0.004388606154017105,-0.006873852180141359
rebound,equal_day,R-frequency,evaluable,0.01151223814155779,0.008310211235158642,0.00320202690639913,0.0022945682811221463,0.003857283498431221,0.0021583594556052743,-0.0009703818245957531,0.004561886867841025,-0.00038947813684614185
rebound,equal_day,frequency-uniform,evaluable,0.006564892239578991,0.0065648922395790225,-1.1533057176455862e-17,0.005156152983592736,-0.003620357101445872,0.005029096357432159,0.0,2.38852642546498e-17,-3.541832143110566e-17
rebound,pooled,C,evaluable,0.014667495367337302,0.008656149682381322,0.006011345684955963,0.01393879947140343,0.02019067651988914,-0.02547332630891125,0.0016317660428211043,0.005637707121961388,-0.0012581274798265291
rebound,pooled,P,evaluable,0.01657804849001565,0.010108360911899227,0.006469687578116397,0.014120456694928892,0.02055251609897944,-0.024564611882009105,0.001027853756992219,0.007217483923150886,-0.0017756501020267084
rebound,pooled,R,evaluable,0.02183383570149061,0.017753988400740668,0.004079847300749922,0.015289704429474244,0.024259810123532354,-0.02179552615226593,-0.0012015577445235002,0.0035865338995871472,0.0016948711456862748
rebound,pooled,onehot-F,evaluable,-0.019596801767951755,-0.019596801767952476,1.1924189607410056e-15,0.0,0.07588556989999237,-0.09548237166794485,0.0,7.883059381830184e-16,4.041130225579872e-16
rebound,pooled,onehot-A,evaluable,-0.0758855698999924,-0.07588556989999246,3.8820413169685516e-16,0.019596801767952393,0.0,-0.09548237166794485,-1.5908890861132066e-17,0.0,4.041130225579872e-16
rebound,pooled,onehot-N,evaluable,0.09548237166794471,0.09548237166794477,7.723970473218863e-16,0.019596801767952393,0.07588556989999237,-0.0,-1.5908890861132066e-17,7.883059381830184e-16,0.0
rebound,pooled,uniform,evaluable,-1.1102230246251565e-16,1.474514954580286e-17,2.3628782131566023e-16,0.006532267255984132,0.02529518996666414,-0.03182745722264826,7.954445430566033e-18,2.6276864606100613e-17,2.020565112789936e-16
rebound,pooled,train-frequency,evaluable,0.0077754445256835725,0.0077754445256832585,-7.30857165628931e-18,0.012610971280445383,0.019344157083923272,-0.024179683838685396,1.5908890861132066e-17,5.2553729212201227e-17,-7.57711917296226e-17
rebound,pooled,P-C,evaluable,0.0019105531226784377,0.0014522112295178937,0.00045834189316054316,0.0001816572235254638,0.00036183957909028975,0.0009087144269021403,-0.0006039122858288932,0.0015797768011895595,-0.0005175226222001232
rebound,pooled,R-C,evaluable,0.007166340334153386,0.009097838718359334,-0.0019314983842059468,0.0013509049580708147,0.004069133603643204,0.003677800156645316,-0.0028333237873446044,-0.0020511732223741715,0.002952998625512829
rebound,pooled,R-P,evaluable,0.005255787211474937,0.00764562748884144,-0.002389840277366497,0.0011692477345453508,0.0037072940245529147,0.002769085729743175,-0.0022294115015157115,-0.0036309500235637416,0.0034705212477129563
rebound,pooled,C-frequency,evaluable,0.006892050841653943,0.0008807051566980915,0.006011345684955854,0.001327828190958048,0.000846519435965882,-0.0012936424702258385,0.0016317660428211062,0.005637707121961289,-0.0012581274798265417
rebound,pooled,P-frequency,evaluable,0.008802603964332377,0.002332916386215986,0.006469687578116389,0.0015094854144835123,0.0012083590150561718,-0.0003849280433236983,0.0010278537569922111,0.007217483923150846,-0.0017756501020266679
rebound,pooled,R-frequency,evaluable,0.014058391175807327,0.009978543875057425,0.004079847300749907,0.002678733149028863,0.004915653039609086,0.0023841576864194764,-0.0012015577445235002,0.003586533899587121,0.0016948711456862859
rebound,pooled,frequency-uniform,evaluable,0.007775444525683281,0.0077754445256832455,-4.609499146943394e-17,0.006078704024461248,-0.005951032882740868,0.007647773383962865,-7.954445430566033e-18,-6.569216151525153e-18,-3.157132988734275e-17
