family,group,endpoint,metric,n,raw,standardized_group_conditionals,q_F,q_A,q_N,ell_F,ell_A,ell_N
breakout,May-Jul,equal_day,C,774,0.27818012473478776,0.3143533437387076,0.23508264043068794,0.1325490110719313,0.6323683484973806,0.4801974043437414,0.6827326190973859,0.11828314570696795
breakout,May-Jul,equal_day,P,774,0.2721169321852793,0.31077849391108453,0.23508264043068794,0.1325490110719313,0.6323683484973806,0.4910459443589534,0.6800683665016329,0.10522058184854949
breakout,May-Jul,equal_day,R,774,0.26354197099635,0.3027887381777247,0.23508264043068794,0.1325490110719313,0.6323683484973806,0.48146906799980904,0.7126379338722042,0.08839388933834176
breakout,May-Jul,equal_day,onehot-F,774,0.764917359569312,0.659259259259259,0.23508264043068794,0.1325490110719313,0.6323683484973806,0.0,0.9999999999999992,0.9999999999999999
breakout,May-Jul,equal_day,onehot-A,774,0.8674509889280686,0.8711111111111107,0.23508264043068794,0.1325490110719313,0.6323683484973806,0.9999999999999993,0.0,0.9999999999999999
breakout,May-Jul,equal_day,onehot-N,774,0.36763165150261906,0.4696296296296293,0.23508264043068794,0.1325490110719313,0.6323683484973806,0.9999999999999993,0.9999999999999992,0.0
breakout,May-Jul,equal_day,uniform,774,0.33333333333333337,0.33333333333333365,0.23508264043068794,0.1325490110719313,0.6323683484973806,0.33333333333333354,0.3333333333333336,0.3333333333333337
breakout,May-Jul,equal_day,train-frequency,774,0.27442890092410294,0.2929953360768174,0.23508264043068794,0.1325490110719313,0.6323683484973806,0.36626392318244155,0.5781157750342927,0.17663429355281207
breakout,May-Jul,equal_day,P-C,774,-0.006063192549508532,-0.003574849827623076,0.23508264043068794,0.1325490110719313,0.6323683484973806,0.010848540015211825,-0.0026642525957526926,-0.01306256385841847
breakout,May-Jul,equal_day,R-C,774,-0.014638153738437815,-0.011564605560982825,0.23508264043068794,0.1325490110719313,0.6323683484973806,0.00127166365606758,0.02990531477481863,-0.029889256368626178
breakout,May-Jul,equal_day,R-P,774,-0.008574961188929281,-0.007989755733359749,0.23508264043068794,0.1325490110719313,0.6323683484973806,-0.009576876359144249,0.032569567370571324,-0.016826692510207703
breakout,May-Jul,equal_day,C-frequency,774,0.0037512238106847907,0.021358007661890048,0.23508264043068794,0.1325490110719313,0.6323683484973806,0.1139334811612998,0.10461684406309238,-0.058351147845844144
breakout,May-Jul,equal_day,P-frequency,774,-0.0023119687388237407,0.017783157834266972,0.23508264043068794,0.1325490110719313,0.6323683484973806,0.1247820211765116,0.1019525914673397,-0.07141371170426261
breakout,May-Jul,equal_day,R-frequency,774,-0.010886929927753025,0.009793402100907206,0.23508264043068794,0.1325490110719313,0.6323683484973806,0.11520514481736732,0.13452215883791102,-0.08824040421447032
breakout,May-Jul,equal_day,frequency-uniform,774,-0.05890443240923031,-0.04033799725651584,0.23508264043068794,0.1325490110719313,0.6323683484973806,0.032930589849108294,0.24478244170096017,-0.1566990397805213
breakout,May-Jul,pooled,C,774,0.2885704943989897,0.3125363809490679,0.24677002583979332,0.14341085271317836,0.6098191214470284,0.46574922960970666,0.6778129654532178,0.1253352132289339
breakout,May-Jul,pooled,P,774,0.28411534170872077,0.31010877416646876,0.24677002583979332,0.14341085271317836,0.6098191214470284,0.4773137504029495,0.6750724479583361,0.11399429328858322
breakout,May-Jul,pooled,R,774,0.2760822846382434,0.3025856734254599,0.24677002583979332,0.14341085271317836,0.6098191214470284,0.47187319924229804,0.7110062190176287,0.0945724935249251
breakout,May-Jul,pooled,onehot-F,774,0.7532299741602067,0.6592592592592594,0.24677002583979332,0.14341085271317836,0.6098191214470284,0.0,1.0,1.0000000000000004
breakout,May-Jul,pooled,onehot-A,774,0.8565891472868215,0.8711111111111111,0.24677002583979332,0.14341085271317836,0.6098191214470284,0.9999999999999991,0.0,1.0000000000000004
breakout,May-Jul,pooled,onehot-N,774,0.3901808785529717,0.46962962962962934,0.24677002583979332,0.14341085271317836,0.6098191214470284,0.9999999999999991,1.0,0.0
breakout,May-Jul,pooled,uniform,774,0.3333333333333334,0.33333333333333326,0.24677002583979332,0.14341085271317836,0.6098191214470284,0.33333333333333315,0.3333333333333331,0.3333333333333333
breakout,May-Jul,pooled,train-frequency,774,0.28100600376431545,0.2929953360768175,0.24677002583979332,0.14341085271317836,0.6098191214470284,0.3662639231824417,0.5781157750342933,0.17663429355281202
breakout,May-Jul,pooled,P-C,774,-0.004455152690268799,-0.0024276067825991635,0.24677002583979332,0.14341085271317836,0.6098191214470284,0.0115645207932428,-0.0027405174948818703,-0.011340919940350715
breakout,May-Jul,pooled,R-C,774,-0.012488209760746329,-0.009950707523608061,0.24677002583979332,0.14341085271317836,0.6098191214470284,0.0061239696325913005,0.03319325356441062,-0.03076271970400884
breakout,May-Jul,pooled,R-P,774,-0.00803305707047753,-0.007523100741008901,0.24677002583979332,0.14341085271317836,0.6098191214470284,-0.005440551160651494,0.035933771059292505,-0.019421799763658137
breakout,May-Jul,pooled,C-frequency,774,0.007564490634674125,0.019541044872250415,0.24677002583979332,0.14341085271317836,0.6098191214470284,0.09948530642726512,0.09969719041892447,-0.05129908032387814
breakout,May-Jul,pooled,P-frequency,774,0.0031093379444053233,0.017113438089651246,0.24677002583979332,0.14341085271317836,0.6098191214470284,0.11104982722050788,0.09695667292404259,-0.06264000026422885
breakout,May-Jul,pooled,R-frequency,774,-0.004923719126072207,0.009590337348642348,0.24677002583979332,0.14341085271317836,0.6098191214470284,0.1056092760598564,0.13289044398333505,-0.08206180002788697
breakout,May-Jul,pooled,frequency-uniform,774,-0.052327329569017804,-0.04033799725651575,0.24677002583979332,0.14341085271317836,0.6098191214470284,0.032930589849108315,0.24478244170096025,-0.1566990397805212
breakout,Aug-Nov,equal_day,C,1749,0.2848619637430134,0.29682192075362573,0.2569793307673192,0.15529388002253416,0.5877267892101468,0.43865484361874063,0.7096576454559702,0.10537421039585929
breakout,Aug-Nov,equal_day,P,1749,0.2860367632423467,0.30140986850470136,0.2569793307673192,0.15529388002253416,0.5877267892101468,0.4718698255716523,0.7174199467772947,0.09079906700996862
breakout,Aug-Nov,equal_day,R,1749,0.2880409964575665,0.3066295327070802,0.2569793307673192,0.15529388002253416,0.5877267892101468,0.5058175683063209,0.7426515386999466,0.07269891061432962
breakout,Aug-Nov,equal_day,onehot-F,1749,0.7430206692326811,0.6592592592592597,0.2569793307673192,0.15529388002253416,0.5877267892101468,0.0,1.0,1.0000000000000007
breakout,Aug-Nov,equal_day,onehot-A,1749,0.844706119977466,0.8711111111111114,0.2569793307673192,0.15529388002253416,0.5877267892101468,0.9999999999999998,0.0,1.0000000000000007
breakout,Aug-Nov,equal_day,onehot-N,1749,0.4122732107898536,0.46962962962962956,0.2569793307673192,0.15529388002253416,0.5877267892101468,0.9999999999999998,1.0,0.0
breakout,Aug-Nov,equal_day,uniform,1749,0.3333333333333333,0.33333333333333337,0.2569793307673192,0.15529388002253416,0.5877267892101468,0.3333333333333333,0.33333333333333337,0.33333333333333337
breakout,Aug-Nov,equal_day,train-frequency,1749,0.2877128058851434,0.2929953360768177,0.2569793307673192,0.15529388002253416,0.5877267892101468,0.366263923182442,0.5781157750342935,0.1766342935528122
breakout,Aug-Nov,equal_day,P-C,1749,0.0011747994993333369,0.004587947751075661,0.2569793307673192,0.15529388002253416,0.5877267892101468,0.03321498195291174,0.0077623013213244645,-0.014575143385890662
breakout,Aug-Nov,equal_day,R-C,1749,0.003179032714553034,0.00980761195345453,0.2569793307673192,0.15529388002253416,0.5877267892101468,0.06716272468758032,0.03299389324397645,-0.03267529978152966
breakout,Aug-Nov,equal_day,R-P,1749,0.002004233215219697,0.005219664202378861,0.2569793307673192,0.15529388002253416,0.5877267892101468,0.03394774273466857,0.025231591922651987,-0.018100156395639003
breakout,Aug-Nov,equal_day,C-frequency,1749,-0.0028508421421300015,0.00382658467680818,0.2569793307673192,0.15529388002253416,0.5877267892101468,0.07239092043629894,0.13154187042167662,-0.07126008315695279
breakout,Aug-Nov,equal_day,P-frequency,1749,-0.0016760426427966622,0.008414532427883831,0.2569793307673192,0.15529388002253416,0.5877267892101468,0.10560590238921068,0.13930417174300105,-0.08583522654284347
breakout,Aug-Nov,equal_day,R-frequency,1749,0.00032819057242303417,0.013634196630262673,0.2569793307673192,0.15529388002253416,0.5877267892101468,0.13955364512387924,0.16453576366565303,-0.10393538293848249
breakout,Aug-Nov,equal_day,frequency-uniform,1749,-0.04562052744819005,-0.040337997256515795,0.2569793307673192,0.15529388002253416,0.5877267892101468,0.03293058984910829,0.24478244170096025,-0.15669903978052127
breakout,Aug-Nov,pooled,C,1749,0.3116275558239344,0.29733184432415766,0.3007432818753575,0.17438536306460845,0.5248713550600346,0.4179284620011673,0.6964795514819316,0.12285398793187122
breakout,Aug-Nov,pooled,P,1749,0.3140118872159681,0.3004829162651703,0.3007432818753575,0.17438536306460845,0.5248713550600346,0.4496970634213499,0.705540696136411,0.10618324952014455
breakout,Aug-Nov,pooled,R,1749,0.3186430569582963,0.30517304935611456,0.3007432818753575,0.17438536306460845,0.5248713550600346,0.4840631999540961,0.7320778856164583,0.08649859295336139
breakout,Aug-Nov,pooled,onehot-F,1749,0.6992567181246435,0.6592592592592595,0.3007432818753575,0.17438536306460845,0.5248713550600346,0.0,1.0000000000000002,1.0000000000000004
breakout,Aug-Nov,pooled,onehot-A,1749,0.8256146369353932,0.8711111111111113,0.3007432818753575,0.17438536306460845,0.5248713550600346,0.9999999999999998,0.0,1.0000000000000004
breakout,Aug-Nov,pooled,onehot-N,1749,0.47512864493996554,0.4696296296296296,0.3007432818753575,0.17438536306460845,0.5248713550600346,0.9999999999999998,1.0000000000000002,0.0
breakout,Aug-Nov,pooled,uniform,1749,0.3333333333333332,0.3333333333333335,0.3007432818753575,0.17438536306460845,0.5248713550600346,0.33333333333333354,0.3333333333333332,0.33333333333333354
breakout,Aug-Nov,pooled,train-frequency,1749,0.3036766246203005,0.2929953360768174,0.3007432818753575,0.17438536306460845,0.5248713550600346,0.36626392318244133,0.5781157750342935,0.17663429355281202
breakout,Aug-Nov,pooled,P-C,1749,0.002384331392033837,0.00315107194101268,0.3007432818753575,0.17438536306460845,0.5248713550600346,0.031768601420182584,0.009061144654479427,-0.016670738411726664
breakout,Aug-Nov,pooled,R-C,1749,0.007015501134362028,0.007841205031956948,0.3007432818753575,0.17438536306460845,0.5248713550600346,0.06613473795292883,0.035598334134526656,-0.0363553949785098
breakout,Aug-Nov,pooled,R-P,1749,0.0046311697423281895,0.004690133090944263,0.3007432818753575,0.17438536306460845,0.5248713550600346,0.03436613653274625,0.026537189480047216,-0.01968465656678315
breakout,Aug-Nov,pooled,C-frequency,1749,0.007950931203633865,0.004336508247340146,0.3007432818753575,0.17438536306460845,0.5248713550600346,0.05166453881872566,0.1183637764476381,-0.053780305620940834
breakout,Aug-Nov,pooled,P-frequency,1749,0.010335262595667699,0.00748758018835282,0.3007432818753575,0.17438536306460845,0.5248713550600346,0.08343314023890824,0.1274249211021175,-0.0704510440326675
breakout,Aug-Nov,pooled,R-frequency,1749,0.014966432337995892,0.012177713279297089,0.3007432818753575,0.17438536306460845,0.5248713550600346,0.1177992767716545,0.15396211058216475,-0.09013570059945064
breakout,Aug-Nov,pooled,frequency-uniform,1749,-0.02965670871303301,-0.040337997256515705,0.3007432818753575,0.17438536306460845,0.5248713550600346,0.03293058984910829,0.2447824417009602,-0.15669903978052108
rebound,May-Jul,equal_day,C,634,0.2853065884750783,0.3009249816248865,0.042666885900065815,0.384113092609757,0.5732200214901773,0.7098026849375751,0.27865346373013816,0.2581680140912845
rebound,May-Jul,equal_day,P,634,0.28372270958475526,0.3010617251220642,0.042666885900065815,0.384113092609757,0.5732200214901773,0.72075609524945,0.2851913067007737,0.25020859587538985
rebound,May-Jul,equal_day,R,634,0.28881179843351984,0.31562794033245584,0.042666885900065815,0.384113092609757,0.5732200214901773,0.7815606498600526,0.33846543427523246,0.2188619203056666
rebound,May-Jul,equal_day,onehot-F,634,0.9573331140999344,0.9262981574539362,0.042666885900065815,0.384113092609757,0.5732200214901773,0.0,0.9999999999999998,1.0
rebound,May-Jul,equal_day,onehot-A,634,0.6158869073902431,0.5376884422110553,0.042666885900065815,0.384113092609757,0.5732200214901773,0.9999999999999999,0.0,1.0
rebound,May-Jul,equal_day,onehot-N,634,0.4267799785098229,0.5360134003350082,0.042666885900065815,0.384113092609757,0.5732200214901773,0.9999999999999999,0.9999999999999998,0.0
rebound,May-Jul,equal_day,uniform,634,0.33333333333333326,0.3333333333333336,0.042666885900065815,0.384113092609757,0.5732200214901773,0.33333333333333337,0.3333333333333337,0.33333333333333354
rebound,May-Jul,equal_day,train-frequency,634,0.2705327924150991,0.2827762486356966,0.042666885900065815,0.384113092609757,0.5732200214901773,0.6435219088182398,0.25491219357535877,0.25323715169931155
rebound,May-Jul,equal_day,P-C,634,-0.001583878890323251,0.0001367434971777194,0.042666885900065815,0.384113092609757,0.5732200214901773,0.010953410311874799,0.006537842970635483,-0.007959418215894534
rebound,May-Jul,equal_day,R-C,634,0.0035052099584413667,0.014702958707569356,0.042666885900065815,0.384113092609757,0.5732200214901773,0.07175796492247756,0.059811970545094344,-0.039306093785617856
rebound,May-Jul,equal_day,R-P,634,0.005089088848764614,0.014566215210391632,0.042666885900065815,0.384113092609757,0.5732200214901773,0.060804554610602746,0.053274127574458846,-0.031346675569723315
rebound,May-Jul,equal_day,C-frequency,634,0.014773796059979291,0.018148732989189863,0.042666885900065815,0.384113092609757,0.5732200214901773,0.06628077611933537,0.023741270154779483,0.0049308623919727575
rebound,May-Jul,equal_day,P-frequency,634,0.013189917169656043,0.018285476486367584,0.042666885900065815,0.384113092609757,0.5732200214901773,0.07723418643121018,0.030279113125414973,-0.003028555823921778
rebound,May-Jul,equal_day,R-frequency,634,0.018279006018420654,0.032851691696759236,0.042666885900065815,0.384113092609757,0.5732200214901773,0.1380387410418129,0.08355324069987384,-0.03437523139364508
rebound,May-Jul,equal_day,frequency-uniform,634,-0.06280054091823424,-0.05055708469763674,0.042666885900065815,0.384113092609757,0.5732200214901773,0.31018857548490636,-0.07842113975797474,-0.08009618163402162
rebound,May-Jul,pooled,C,634,0.28963626714012486,0.2992135959282435,0.05205047318611987,0.3974763406940064,0.5504731861198738,0.7112793014112246,0.2660674031505318,0.26678564706686175
rebound,May-Jul,pooled,P,634,0.28677511514708565,0.29768539617728007,0.05205047318611987,0.3974763406940064,0.5504731861198738,0.7205490396918116,0.2708356295678488,0.25726855599519943
rebound,May-Jul,pooled,R,634,0.2933346438420686,0.31121240062814337,0.05205047318611987,0.3974763406940064,0.5504731861198738,0.7802142722328418,0.319689371187483,0.22826754061014895
rebound,May-Jul,pooled,onehot-F,634,0.9479495268138793,0.9262981574539363,0.05205047318611987,0.3974763406940064,0.5504731861198738,0.0,0.9999999999999997,1.0000000000000002
rebound,May-Jul,pooled,onehot-A,634,0.6025236593059935,0.5376884422110554,0.05205047318611987,0.3974763406940064,0.5504731861198738,1.0,0.0,1.0000000000000002
rebound,May-Jul,pooled,onehot-N,634,0.4495268138801263,0.5360134003350082,0.05205047318611987,0.3974763406940064,0.5504731861198738,1.0,0.9999999999999997,0.0
rebound,May-Jul,pooled,uniform,634,0.33333333333333337,0.3333333333333333,0.05205047318611987,0.3974763406940064,0.5504731861198738,0.33333333333333337,0.3333333333333334,0.33333333333333315
rebound,May-Jul,pooled,train-frequency,634,0.27421744750008203,0.2827762486356966,0.05205047318611987,0.3974763406940064,0.5504731861198738,0.6435219088182399,0.25491219357535866,0.2532371516993116
rebound,May-Jul,pooled,P-C,634,-0.0028611519930393146,-0.001528199750963443,0.05205047318611987,0.3974763406940064,0.5504731861198738,0.009269738280587025,0.004768226417316871,-0.009517091071662313
rebound,May-Jul,pooled,R-C,634,0.003698376701943632,0.01199880469989982,0.05205047318611987,0.3974763406940064,0.5504731861198738,0.0689349708216172,0.053621968036951004,-0.03851810645671279
rebound,May-Jul,pooled,R-P,634,0.006559528694982949,0.013527004450863267,0.05205047318611987,0.3974763406940064,0.5504731861198738,0.05966523254103018,0.04885374161963414,-0.029001015385050472
rebound,May-Jul,pooled,C-frequency,634,0.015418819640042802,0.016437347292546946,0.05205047318611987,0.3974763406940064,0.5504731861198738,0.06775739259298476,0.011155209575173353,0.013548495367550008
rebound,May-Jul,pooled,P-frequency,634,0.01255766764700349,0.014909147541583505,0.05205047318611987,0.3974763406940064,0.5504731861198738,0.0770271308735718,0.015923435992490225,0.004031404295887695
rebound,May-Jul,pooled,R-frequency,634,0.01911719634198643,0.02843615199244677,0.05205047318611987,0.3974763406940064,0.5504731861198738,0.13669236341460198,0.06477717761212436,-0.024969611089162774
rebound,May-Jul,pooled,frequency-uniform,634,-0.05911588583325126,-0.05055708469763673,0.05205047318611987,0.3974763406940064,0.5504731861198738,0.3101885754849064,-0.07842113975797477,-0.08009618163402159
rebound,Aug-Nov,equal_day,C,1633,0.2941351330893781,0.3024065443951149,0.05928952577496228,0.43027866878754667,0.5104318054374909,0.7398243352900362,0.28631831238586924,0.24895516979285948
rebound,Aug-Nov,equal_day,P,1633,0.29172870844155135,0.3008395019918404,0.05928952577496228,0.43027866878754667,0.5104318054374909,0.7385418043016687,0.2953907575970579,0.23674185632876285
rebound,Aug-Nov,equal_day,R,1633,0.3068889288146566,0.31896914071461574,0.05928952577496228,0.43027866878754667,0.5104318054374909,0.7651938158887555,0.3490676025879115,0.21809888373016895
rebound,Aug-Nov,equal_day,onehot-F,1633,0.9407104742250376,0.9262981574539366,0.05928952577496228,0.43027866878754667,0.5104318054374909,0.0,1.0000000000000002,1.0000000000000002
rebound,Aug-Nov,equal_day,onehot-A,1633,0.5697213312124532,0.5376884422110554,0.05928952577496228,0.43027866878754667,0.5104318054374909,1.0000000000000002,0.0,1.0000000000000002
rebound,Aug-Nov,equal_day,onehot-N,1633,0.4895681945625089,0.5360134003350085,0.05928952577496228,0.43027866878754667,0.5104318054374909,1.0000000000000002,1.0000000000000002,0.0
rebound,Aug-Nov,equal_day,uniform,1633,0.33333333333333337,0.33333333333333354,0.05928952577496228,0.43027866878754667,0.5104318054374909,0.33333333333333337,0.3333333333333334,0.3333333333333337
rebound,Aug-Nov,equal_day,train-frequency,1633,0.27709768465467793,0.2827762486356966,0.05928952577496228,0.43027866878754667,0.5104318054374909,0.6435219088182399,0.2549121935753586,0.25323715169931166
rebound,Aug-Nov,equal_day,P-C,1633,-0.002406424647826722,-0.0015670424032745496,0.05928952577496228,0.43027866878754667,0.5104318054374909,-0.001282530988367345,0.009072445211188565,-0.012213313464096704
rebound,Aug-Nov,equal_day,R-C,1633,0.012753795725278527,0.016562596319500876,0.05928952577496228,0.43027866878754667,0.5104318054374909,0.02536948059871935,0.06274929020204223,-0.03085628606269056
rebound,Aug-Nov,equal_day,R-P,1633,0.015160220373105248,0.018129638722775426,0.05928952577496228,0.43027866878754667,0.5104318054374909,0.02665201158708669,0.05367684499085367,-0.018642972598593856
rebound,Aug-Nov,equal_day,C-frequency,1633,0.01703744843469992,0.019630295759418243,0.05928952577496228,0.43027866878754667,0.5104318054374909,0.09630242647179636,0.031406118810510586,-0.004281981906452239
rebound,Aug-Nov,equal_day,P-frequency,1633,0.014631023786873193,0.018063253356143696,0.05928952577496228,0.43027866878754667,0.5104318054374909,0.09501989548342901,0.04047856402169915,-0.01649529537054894
rebound,Aug-Nov,equal_day,R-frequency,1633,0.029791244159978445,0.036192892078919126,0.05928952577496228,0.43027866878754667,0.5104318054374909,0.12167190707051571,0.09415540901255283,-0.0351382679691428
rebound,Aug-Nov,equal_day,frequency-uniform,1633,-0.05623564867865525,-0.050557084697636756,0.05928952577496228,0.43027866878754667,0.5104318054374909,0.31018857548490636,-0.07842113975797468,-0.08009618163402168
rebound,Aug-Nov,pooled,C,1633,0.30430376250746216,0.30511525055966854,0.07164727495407226,0.4733619105939988,0.454990814451929,0.7340542924191465,0.2779773329437568,0.26402047590325917
rebound,Aug-Nov,pooled,P,1633,0.3033531636371013,0.30398096375058203,0.07164727495407226,0.4733619105939988,0.454990814451929,0.7348950669154722,0.2860829144921766,0.25336594951254854
rebound,Aug-Nov,pooled,R,1633,0.3151684795435592,0.3152075762810529,0.07164727495407226,0.4733619105939988,0.454990814451929,0.7634438124310736,0.32726609804133266,0.231992607340843
rebound,Aug-Nov,pooled,onehot-F,1633,0.9283527250459276,0.9262981574539375,0.07164727495407226,0.4733619105939988,0.454990814451929,0.0,1.0000000000000013,1.000000000000001
rebound,Aug-Nov,pooled,onehot-A,1633,0.5266380894060011,0.5376884422110557,0.07164727495407226,0.4733619105939988,0.454990814451929,0.9999999999999998,0.0,1.000000000000001
rebound,Aug-Nov,pooled,onehot-N,1633,0.545009185548071,0.536013400335009,0.07164727495407226,0.4733619105939988,0.454990814451929,0.9999999999999998,1.0000000000000013,0.0
rebound,Aug-Nov,pooled,uniform,1633,0.33333333333333326,0.33333333333333354,0.07164727495407226,0.4733619105939988,0.454990814451929,0.3333333333333335,0.3333333333333335,0.3333333333333336
rebound,Aug-Nov,pooled,train-frequency,1633,0.2819928920257656,0.28277624863569656,0.07164727495407226,0.4733619105939988,0.454990814451929,0.6435219088182401,0.25491219357535877,0.25323715169931144
rebound,Aug-Nov,pooled,P-C,1633,-0.0009505988703608769,-0.0011342868090864658,0.07164727495407226,0.4733619105939988,0.454990814451929,0.0008407744963256362,0.008105581548419782,-0.010654526390710498
rebound,Aug-Nov,pooled,R-C,1633,0.010864717036097017,0.010092325721384358,0.07164727495407226,0.4733619105939988,0.454990814451929,0.02938952001192713,0.049288765097575814,-0.03202786856241609
rebound,Aug-Nov,pooled,R-P,1633,0.011815315906457886,0.011226612530470824,0.07164727495407226,0.4733619105939988,0.454990814451929,0.02854874551560149,0.04118318354915602,-0.021373342171705577
rebound,Aug-Nov,pooled,C-frequency,1633,0.022310870481696745,0.02233900192397189,0.07164727495407226,0.4733619105939988,0.454990814451929,0.0905323836009067,0.02306513936839817,0.010783324203947394
rebound,Aug-Nov,pooled,P-frequency,1633,0.021360271611335867,0.02120471511488542,0.07164727495407226,0.4733619105939988,0.454990814451929,0.09137315809723232,0.03117072091681795,0.00012879781323689015
rebound,Aug-Nov,pooled,R-frequency,1633,0.03317558751779376,0.03243132764535625,0.07164727495407226,0.4733619105939988,0.454990814451929,0.11992190361283381,0.07235390446597399,-0.02124454435846869
rebound,Aug-Nov,pooled,frequency-uniform,1633,-0.05134044130756798,-0.050557084697636784,0.07164727495407226,0.4733619105939988,0.454990814451929,0.3101885754849063,-0.07842113975797478,-0.08009618163402166
