n_train,contrast,metric,mean_difference,mc_ci_low,mc_ci_high
32,symmetric minus universal,rps,-0.006446974837984018,-0.0070152934731010485,-0.005878656202866988
32,symmetric minus universal,primary_cost,-0.009750000000000009,-0.011523858417182883,-0.007976141582817134
32,symmetric minus universal,latent_mean_mse,-0.04822886798754893,-0.05318665052132444,-0.04327108545377343
128,symmetric minus universal,rps,-0.00227265583730182,-0.0024715527504530106,-0.0020737589241506295
128,symmetric minus universal,primary_cost,-0.0006562500000000006,-0.0011387376430105705,-0.00017376235698943063
128,symmetric minus universal,latent_mean_mse,-0.0170588110360673,-0.018792868107015484,-0.015324753965119113
512,symmetric minus universal,rps,-0.0006630675071138234,-0.0007246871243303039,-0.000601447889897343
512,symmetric minus universal,primary_cost,0.0,0.0,0.0
512,symmetric minus universal,latent_mean_mse,-0.005074908500013713,-0.005615962443381918,-0.004533854556645508
