asset,policy,delay_ms,fee_bps,fill_fraction,adverse_selection_bps,daily_utility_difference,mlp_minus_logistic_utility,mlp_minus_logistic_f1,opposite_mean_directions
BTC,argmax,0,0,0.25,0,"[-0.003146484444403283, 0.014082748638292612, -0.005875990975863818]",0.0016867577393418372,0.17993554428546674,False
BTC,argmax,0,0,0.25,1,"[0.0377233225979105, 0.12940746275332937, 0.05717555014192621]",0.07476877849772202,0.17993554428546674,False
BTC,argmax,0,0,0.25,5,"[0.20120255076716587, 0.590706319213476, 0.3093817146130863]",0.3670968615312427,0.17993554428546674,False
BTC,argmax,0,0,0.5,0,"[-0.006292968888806566, 0.028165497276585225, -0.011751981951727636]",0.0033735154786836744,0.17993554428546674,False
BTC,argmax,0,0,0.5,1,"[0.075446645195821, 0.25881492550665874, 0.11435110028385242]",0.14953755699544405,0.17993554428546674,False
BTC,argmax,0,0,0.5,5,"[0.40240510153433173, 1.181412638426952, 0.6187634292261726]",0.7341937230624854,0.17993554428546674,False
BTC,argmax,0,0,1,0,"[-0.012585937777613132, 0.05633099455317045, -0.02350396390345527]",0.006747030957367349,0.17993554428546674,False
BTC,argmax,0,0,1,1,"[0.150893290391642, 0.5176298510133175, 0.22870220056770485]",0.2990751139908881,0.17993554428546674,False
BTC,argmax,0,0,1,5,"[0.8048102030686635, 2.362825276853904, 1.2375268584523451]",1.4683874461249709,0.17993554428546674,False
BTC,argmax,0,5,0.25,0,"[0.4055520218940436, 1.167328758100019, 0.624639656063392]",0.7325068120191515,0.17993554428546674,False
BTC,argmax,0,5,0.25,1,"[0.44642182893635773, 1.282653472215056, 0.6876911971811817]",0.8055888327775319,0.17993554428546674,False
BTC,argmax,0,5,0.25,5,"[0.6099010571056129, 1.7439523286752023, 0.9398973616523421]",1.0979169158110524,0.17993554428546674,False
BTC,argmax,0,5,0.5,0,"[0.8111040437880872, 2.334657516200038, 1.249279312126784]",1.465013624038303,0.17993554428546674,False
BTC,argmax,0,5,0.5,1,"[0.8928436578727155, 2.565306944430112, 1.3753823943623633]",1.6111776655550638,0.17993554428546674,False
BTC,argmax,0,5,0.5,5,"[1.2198021142112259, 3.4879046573504047, 1.8797947233046841]",2.195833831622105,0.17993554428546674,False
BTC,argmax,0,5,1,0,"[1.6222080875761744, 4.669315032400076, 2.498558624253568]",2.930027248076606,0.17993554428546674,False
BTC,argmax,0,5,1,1,"[1.785687315745431, 5.130613888860224, 2.7507647887247266]",3.2223553311101276,0.17993554428546674,False
BTC,argmax,0,5,1,5,"[2.4396042284224517, 6.975809314700809, 3.7595894466093682]",4.39166766324421,0.17993554428546674,False
BTC,argmax,100,0,0.25,0,"[-0.002099823657922273, 0.014125724471737926, -0.005212607836264475]",0.002271097659183726,0.17993554428546674,False
BTC,argmax,100,0,0.25,1,"[0.038769983384391554, 0.12945043858677463, 0.057838933281525506]",0.0753531184175639,0.17993554428546674,False
BTC,argmax,100,0,0.25,5,"[0.20224921155364683, 0.5907492950469213, 0.3100450977526855]",0.36768120145108457,0.17993554428546674,False
BTC,argmax,100,0,0.5,0,"[-0.004199647315844546, 0.02825144894347585, -0.01042521567252895]",0.004542195318367452,0.17993554428546674,False
BTC,argmax,100,0,0.5,1,"[0.07753996676878311, 0.25890087717354926, 0.11567786656305101]",0.1507062368351278,0.17993554428546674,False
BTC,argmax,100,0,0.5,5,"[0.40449842310729367, 1.1814985900938426, 0.620090195505371]",0.7353624029021691,0.17993554428546674,False
BTC,argmax,100,0,1,0,"[-0.008399294631689092, 0.0565028978869517, -0.0208504313450579]",0.009084390636734904,0.17993554428546674,False
BTC,argmax,100,0,1,1,"[0.15507993353756622, 0.5178017543470985, 0.23135573312610203]",0.3014124736702556,0.17993554428546674,False
BTC,argmax,100,0,1,5,"[0.8089968462145873, 2.3629971801876852, 1.240180391010742]",1.4707248058043383,0.17993554428546674,False
BTC,argmax,100,5,0.25,0,"[0.4065987979032344, 1.167371663452074, 0.6253032387311075]",0.7330912333621388,0.17993554428546674,False
BTC,argmax,100,5,0.25,1,"[0.4474686049455481, 1.2826963775671103, 0.6883547798488969]",0.8061732541205183,0.17993554428546674,False
BTC,argmax,100,5,0.25,5,"[0.6109478331148028, 1.743995234027257, 0.9405609443200578]",1.0985013371540393,0.17993554428546674,False
BTC,argmax,100,5,0.5,0,"[0.8131975958064688, 2.334743326904148, 1.250606477462215]",1.4661824667242775,0.17993554428546674,False
BTC,argmax,100,5,0.5,1,"[0.8949372098910962, 2.5653927551342206, 1.3767095596977938]",1.6123465082410366,0.17993554428546674,False
BTC,argmax,100,5,0.5,5,"[1.2218956662296057, 3.487990468054514, 1.8811218886401155]",2.1970026743080786,0.17993554428546674,False
BTC,argmax,100,5,1,0,"[1.6263951916129376, 4.669486653808296, 2.50121295492443]",2.932364933448555,0.17993554428546674,False
BTC,argmax,100,5,1,1,"[1.7898744197821923, 5.130785510268441, 2.7534191193955877]",3.2246930164820733,0.17993554428546674,False
BTC,argmax,100,5,1,5,"[2.4437913324592113, 6.975980936109028, 3.762243777280231]",4.394005348616157,0.17993554428546674,False
BTC,argmax,500,0,0.25,0,"[-0.001509761996137643, 0.014186606532537682, -0.004745276174185541]",0.002643856120738166,0.17993554428546674,False
BTC,argmax,500,0,0.25,1,"[0.039360045046176156, 0.12951132064757437, 0.0583062649436045]",0.07572587687911835,0.17993554428546674,False
BTC,argmax,500,0,0.25,5,"[0.20283927321543127, 0.5908101771077211, 0.3105124294147644]",0.3680539599126389,0.17993554428546674,False
BTC,argmax,500,0,0.5,0,"[-0.003019523992275286, 0.028373213065075363, -0.009490552348371081]",0.005287712241476332,0.17993554428546674,False
BTC,argmax,500,0,0.5,1,"[0.07872009009235231, 0.25902264129514874, 0.116612529887209]",0.1514517537582367,0.17993554428546674,False
BTC,argmax,500,0,0.5,5,"[0.40567854643086254, 1.1816203542154422, 0.6210248588295288]",0.7361079198252778,0.17993554428546674,False
BTC,argmax,500,0,1,0,"[-0.006039047984550572, 0.056746426130150726, -0.018981104696742163]",0.010575424482952664,0.17993554428546674,False
BTC,argmax,500,0,1,1,"[0.15744018018470463, 0.5180452825902975, 0.233225059774418]",0.3029035075164734,0.17993554428546674,False
BTC,argmax,500,0,1,5,"[0.8113570928617251, 2.3632407084308844, 1.2420497176590577]",1.4722158396505556,0.17993554428546674,False
BTC,argmax,500,5,0.25,0,"[0.4071890188171947, 1.1674325452187297, 0.6257707109920694]",0.733464091675998,0.17993554428546674,False
BTC,argmax,500,5,0.25,1,"[0.4480588258595093, 1.2827572593337664, 0.6888222521098593]",0.8065461124343782,0.17993554428546674,False
BTC,argmax,500,5,0.25,5,"[0.611538054028764, 1.7440561157939132, 0.9410284165810197]",1.0988741954678989,0.17993554428546674,False
BTC,argmax,500,5,0.5,0,"[0.8143780376343894, 2.3348650904374595, 1.2515414219841388]",1.466928183351996,0.17993554428546674,False
BTC,argmax,500,5,0.5,1,"[0.8961176517190186, 2.5655145186675328, 1.3776445042197185]",1.6130922248687565,0.17993554428546674,False
BTC,argmax,500,5,0.5,5,"[1.223076108057528, 3.4881122315878264, 1.8820568331620393]",2.1977483909357978,0.17993554428546674,False
BTC,argmax,500,5,1,0,"[1.6287560752687789, 4.669730180874919, 2.5030828439682775]",2.933856366703992,0.17993554428546674,False
BTC,argmax,500,5,1,1,"[1.7922353034380372, 5.1310290373350655, 2.755289008439437]",3.226184449737513,0.17993554428546674,False
BTC,argmax,500,5,1,5,"[2.446152216115056, 6.976224463175653, 3.7641136663240786]",4.3954967818715955,0.17993554428546674,False
BTC,fixed_confidence,0,0,0.25,0,"[0.009394256170473542, 0.0038214886848149995, 0.030046146930885736]",0.014420630595391426,0.17993554428546674,False
BTC,fixed_confidence,0,0,0.25,1,"[-0.019175033180486974, -0.00782725683489826, -0.01789263466948941]",-0.014964974894958216,0.17993554428546674,True
BTC,fixed_confidence,0,0,0.25,5,"[-0.13345219058432906, -0.05442223891375128, -0.20964776107099]",-0.1325073968563568,0.17993554428546674,True
BTC,fixed_confidence,0,0,0.5,0,"[0.018788512340947083, 0.007642977369629999, 0.06009229386177147]",0.02884126119078285,0.17993554428546674,False
BTC,fixed_confidence,0,0,0.5,1,"[-0.03835006636097395, -0.01565451366979652, -0.03578526933897882]",-0.02992994978991643,0.17993554428546674,True
BTC,fixed_confidence,0,0,0.5,5,"[-0.2669043811686581, -0.10884447782750256, -0.41929552214198]",-0.2650147937127136,0.17993554428546674,True
BTC,fixed_confidence,0,0,1,0,"[0.03757702468189417, 0.015285954739259998, 0.12018458772354294]",0.0576825223815657,0.17993554428546674,False
BTC,fixed_confidence,0,0,1,1,"[-0.0767001327219479, -0.03130902733959304, -0.07157053867795764]",-0.05985989957983286,0.17993554428546674,True
BTC,fixed_confidence,0,0,1,5,"[-0.5338087623373162, -0.21768895565500512, -0.83859104428396]",-0.5300295874254272,0.17993554428546674,True
BTC,fixed_confidence,0,5,0.25,0,"[-0.276296476688626, -0.11266466120388241, -0.44934116279734226]",-0.27943410022995024,0.17993554428546674,True
BTC,fixed_confidence,0,5,0.25,1,"[-0.3048657660395865, -0.12431340672359564, -0.4972799443977175]",-0.3088197057202999,0.17993554428546674,True
BTC,fixed_confidence,0,5,0.25,5,"[-0.41914292344342874, -0.17090838880244863, -0.6890350707992181]",-0.4263621276816985,0.17993554428546674,True
BTC,fixed_confidence,0,5,0.5,0,"[-0.552592953377252, -0.22532932240776482, -0.8986823255946845]",-0.5588682004599005,0.17993554428546674,True
BTC,fixed_confidence,0,5,0.5,1,"[-0.609731532079173, -0.24862681344719129, -0.994559888795435]",-0.6176394114405998,0.17993554428546674,True
BTC,fixed_confidence,0,5,0.5,5,"[-0.8382858468868575, -0.34181677760489726, -1.3780701415984362]",-0.852724255363397,0.17993554428546674,True
BTC,fixed_confidence,0,5,1,0,"[-1.105185906754504, -0.45065864481552964, -1.797364651189369]",-1.117736400919801,0.17993554428546674,True
BTC,fixed_confidence,0,5,1,1,"[-1.219463064158346, -0.49725362689438257, -1.98911977759087]",-1.2352788228811995,0.17993554428546674,True
BTC,fixed_confidence,0,5,1,5,"[-1.676571693773715, -0.6836335552097945, -2.7561402831968724]",-1.705448510726794,0.17993554428546674,True
BTC,fixed_confidence,100,0,0.25,0,"[0.00844046277796913, 0.003978722721488382, 0.027883651945285554]",0.013434279148247687,0.17993554428546674,False
BTC,fixed_confidence,100,0,0.25,1,"[-0.020128826572991382, -0.0076700227982248875, -0.020055129655089612]",-0.01595132634210196,0.17993554428546674,True
BTC,fixed_confidence,100,0,0.25,5,"[-0.13440598397683345, -0.054265004877077944, -0.2118102560565902]",-0.13349374830350055,0.17993554428546674,True
BTC,fixed_confidence,100,0,0.5,0,"[0.01688092555593826, 0.007957445442976763, 0.05576730389057111]",0.026868558296495374,0.17993554428546674,False
BTC,fixed_confidence,100,0,0.5,1,"[-0.040257653145982765, -0.015340045596449775, -0.040110259310179225]",-0.03190265268420392,0.17993554428546674,True
BTC,fixed_confidence,100,0,0.5,5,"[-0.2688119679536669, -0.10853000975415589, -0.4236205121131804]",-0.2669874966070011,0.17993554428546674,True
BTC,fixed_confidence,100,0,1,0,"[0.03376185111187652, 0.015914890885953527, 0.11153460778114221]",0.05373711659299075,0.17993554428546674,False
BTC,fixed_confidence,100,0,1,1,"[-0.08051530629196553, -0.03068009119289955, -0.08022051862035845]",-0.06380530536840784,0.17993554428546674,True
BTC,fixed_confidence,100,0,1,5,"[-0.5376239359073338, -0.21706001950831177, -0.8472410242263608]",-0.5339749932140022,0.17993554428546674,True
BTC,fixed_confidence,100,5,0.25,0,"[-0.2772509314799083, -0.11250736887938484, -0.4515036864745923]",-0.28042066227796186,0.17993554428546674,True
BTC,fixed_confidence,100,5,0.25,1,"[-0.3058202208308689, -0.12415611439909807, -0.49944246807496745]",-0.3098062677683115,0.17993554428546674,True
BTC,fixed_confidence,100,5,0.25,5,"[-0.42009737823471105, -0.17075109647795095, -0.691197594476468]",-0.42734868972971,0.17993554428546674,True
BTC,fixed_confidence,100,5,0.5,0,"[-0.5545018629598166, -0.22501473775876968, -0.9030073729491847]",-0.5608413245559237,0.17993554428546674,True
BTC,fixed_confidence,100,5,0.5,1,"[-0.6116404416617378, -0.24831222879819614, -0.9988849361499349]",-0.619612535536623,0.17993554428546674,True
BTC,fixed_confidence,100,5,0.5,5,"[-0.8401947564694221, -0.3415021929559019, -1.382395188952936]",-0.85469737945942,0.17993554428546674,True
BTC,fixed_confidence,100,5,1,0,"[-1.1090037259196333, -0.45002947551753936, -1.8060147458983693]",-1.1216826491118475,0.17993554428546674,True
BTC,fixed_confidence,100,5,1,1,"[-1.2232808833234756, -0.4966244575963923, -1.9977698722998698]",-1.239225071073246,0.17993554428546674,True
BTC,fixed_confidence,100,5,1,5,"[-1.6803895129388442, -0.6830043859118038, -2.764790377905872]",-1.70939475891884,0.17993554428546674,True
BTC,fixed_confidence,500,0,0.25,0,"[0.005002101724089131, 0.0038798554652424867, 0.02437647687122909]",0.011086144686853568,0.17993554428546674,False
BTC,fixed_confidence,500,0,0.25,1,"[-0.02356718762687139, -0.007768890054470769, -0.023562304729146066]",-0.018299460803496075,0.17993554428546674,True
BTC,fixed_confidence,500,0,0.25,5,"[-0.1378443450307134, -0.05436387213332383, -0.2153174311306467]",-0.13584188276489464,0.17993554428546674,True
BTC,fixed_confidence,500,0,0.5,0,"[0.010004203448178262, 0.007759710930484973, 0.04875295374245818]",0.022172289373707136,0.17993554428546674,False
BTC,fixed_confidence,500,0,0.5,1,"[-0.04713437525374278, -0.015537780108941537, -0.04712460945829213]",-0.03659892160699215,0.17993554428546674,True
BTC,fixed_confidence,500,0,0.5,5,"[-0.2756886900614268, -0.10872774426664766, -0.4306348622612934]",-0.2716837655297893,0.17993554428546674,True
BTC,fixed_confidence,500,0,1,0,"[0.020008406896356523, 0.015519421860969947, 0.09750590748491636]",0.04434457874741427,0.17993554428546674,False
BTC,fixed_confidence,500,0,1,1,"[-0.09426875050748557, -0.031075560217883075, -0.09424921891658426]",-0.0731978432139843,0.17993554428546674,True
BTC,fixed_confidence,500,0,1,5,"[-0.5513773801228536, -0.21745548853329533, -0.8612697245225868]",-0.5433675310595786,0.17993554428546674,True
BTC,fixed_confidence,500,5,0.25,0,"[-0.28069014136407744, -0.11260623615239584, -0.45501135864813386]",-0.2827692453882024,0.17993554428546674,True
BTC,fixed_confidence,500,5,0.25,1,"[-0.30925943071503814, -0.12425498167210908, -0.502950140248509]",-0.3121548508785521,0.17993554428546674,True
BTC,fixed_confidence,500,5,0.25,5,"[-0.4235365881188802, -0.17084996375096217, -0.6947052666500096]",-0.42969727283995063,0.17993554428546674,True
BTC,fixed_confidence,500,5,0.5,0,"[-0.5613802827281549, -0.2252124723047917, -0.9100227172962677]",-0.5655384907764048,0.17993554428546674,True
BTC,fixed_confidence,500,5,0.5,1,"[-0.6185188614300763, -0.24850996334421815, -1.005900280497018]",-0.6243097017571042,0.17993554428546674,True
BTC,fixed_confidence,500,5,0.5,5,"[-0.8470731762377604, -0.34169992750192435, -1.3894105333000193]",-0.8593945456799013,0.17993554428546674,True
BTC,fixed_confidence,500,5,1,0,"[-1.1227605654563098, -0.4504249446095834, -1.8200454345925354]",-1.1310769815528097,0.17993554428546674,True
BTC,fixed_confidence,500,5,1,1,"[-1.2370377228601526, -0.4970199266884363, -2.011800560994036]",-1.2486194035142084,0.17993554428546674,True
BTC,fixed_confidence,500,5,1,5,"[-1.6941463524755207, -0.6833998550038487, -2.7788210666000386]",-1.7187890913598025,0.17993554428546674,True
ETH,argmax,0,0,0.25,0,"[0.012201606874995198, 0.055026468758050895, 0.0164080221575785]",0.02787869926354153,0.1584938751647065,False
ETH,argmax,0,0,0.25,1,"[0.04482426292431446, 0.17056210682890022, 0.12694005950250747]",0.11410880975190739,0.1584938751647065,False
ETH,argmax,0,0,0.25,5,"[0.1753148871215915, 0.6327046591122977, 0.5690682088822235]",0.4590292517053709,0.1584938751647065,False
ETH,argmax,0,0,0.5,0,"[0.024403213749990396, 0.11005293751610179, 0.032816044315157]",0.05575739852708306,0.1584938751647065,False
ETH,argmax,0,0,0.5,1,"[0.08964852584862892, 0.34112421365780043, 0.25388011900501495]",0.22821761950381478,0.1584938751647065,False
ETH,argmax,0,0,0.5,5,"[0.350629774243183, 1.2654093182245953, 1.138136417764447]",0.9180585034107418,0.1584938751647065,False
ETH,argmax,0,0,1,0,"[0.04880642749998079, 0.22010587503220358, 0.065632088630314]",0.11151479705416611,0.1584938751647065,False
ETH,argmax,0,0,1,1,"[0.17929705169725785, 0.6822484273156009, 0.5077602380100299]",0.45643523900762956,0.1584938751647065,False
ETH,argmax,0,0,1,5,"[0.701259548486366, 2.5308186364491907, 2.276272835528894]",1.8361170068214836,0.1584938751647065,False
ETH,argmax,0,5,0.25,0,"[0.33842955324198964, 1.210384292594574, 1.1217195568161962]",0.8901778008842532,0.1584938751647065,False
ETH,argmax,0,5,0.25,1,"[0.37105220929130844, 1.3259199306654237, 1.2322515941611252]",0.9764079113726192,0.1584938751647065,False
ETH,argmax,0,5,0.25,5,"[0.5015428334885863, 1.788062482948821, 1.6743797435408414]",1.321328353326083,0.1584938751647065,False
ETH,argmax,0,5,0.5,0,"[0.6768591064839793, 2.420768585189148, 2.2434391136323923]",1.7803556017685065,0.1584938751647065,False
ETH,argmax,0,5,0.5,1,"[0.7421044185826169, 2.6518398613308474, 2.4645031883222503]",1.9528158227452383,0.1584938751647065,False
ETH,argmax,0,5,0.5,5,"[1.0030856669771726, 3.576124965897642, 3.348759487081683]",2.642656706652166,0.1584938751647065,False
ETH,argmax,0,5,1,0,"[1.3537182129679586, 4.841537170378296, 4.486878227264785]",3.560711203537013,0.1584938751647065,False
ETH,argmax,0,5,1,1,"[1.4842088371652338, 5.303679722661695, 4.929006376644501]",3.9056316454904767,0.1584938751647065,False
ETH,argmax,0,5,1,5,"[2.006171333954345, 7.152249931795284, 6.697518974163366]",5.285313413304332,0.1584938751647065,False
ETH,argmax,100,0,0.25,0,"[0.013058889459298468, 0.054975966743949084, 0.01697654257643851]",0.02833713292656202,0.1584938751647065,False
ETH,argmax,100,0,0.25,1,"[0.04568154550861778, 0.17051160481479846, 0.1275085799213675]",0.11456724341492791,0.1584938751647065,False
ETH,argmax,100,0,0.25,5,"[0.1761721697058949, 0.632654157098196, 0.5696367293010838]",0.4594876853683916,0.1584938751647065,False
ETH,argmax,100,0,0.5,0,"[0.026117778918596936, 0.10995193348789817, 0.03395308515287702]",0.05667426585312404,0.1584938751647065,False
ETH,argmax,100,0,0.5,1,"[0.09136309101723555, 0.3410232096295969, 0.255017159842735]",0.22913448682985582,0.1584938751647065,False
ETH,argmax,100,0,0.5,5,"[0.3523443394117898, 1.265308314196392, 1.1392734586021676]",0.9189753707367831,0.1584938751647065,False
ETH,argmax,100,0,1,0,"[0.05223555783719387, 0.21990386697579634, 0.06790617030575404]",0.11334853170624808,0.1584938751647065,False
ETH,argmax,100,0,1,1,"[0.1827261820344711, 0.6820464192591938, 0.51003431968547]",0.45826897365971164,0.1584938751647065,False
ETH,argmax,100,0,1,5,"[0.7046886788235796, 2.530616628392784, 2.278546917204335]",1.8379507414735663,0.1584938751647065,False
ETH,argmax,100,5,0.25,0,"[0.3392868632901713, 1.2103336065657044, 1.1222883010506122]",0.8906362569688294,0.1584938751647065,False
ETH,argmax,100,5,0.25,1,"[0.37190951933949057, 1.3258692446365536, 1.2328203383955412]",0.9768663674571951,0.1584938751647065,False
ETH,argmax,100,5,0.25,5,"[0.5024001435367675, 1.7880117969199514, 1.6749484877752567]",1.3217868094106586,0.1584938751647065,False
ETH,argmax,100,5,0.5,0,"[0.6785737265803427, 2.420667213131409, 2.2445766021012243]",1.7812725139376588,0.1584938751647065,False
ETH,argmax,100,5,0.5,1,"[0.7438190386789811, 2.6517384892731073, 2.4656406767910823]",1.9537327349143903,0.1584938751647065,False
ETH,argmax,100,5,0.5,5,"[1.004800287073535, 3.5760235938399028, 3.3498969755505135]",2.6435736188213173,0.1584938751647065,False
ETH,argmax,100,5,1,0,"[1.3571474531606853, 4.841334426262818, 4.489153204202449]",3.5625450278753177,0.1584938751647065,False
ETH,argmax,100,5,1,1,"[1.4876380773579623, 5.303476978546215, 4.931281353582165]",3.9074654698287805,0.1584938751647065,False
ETH,argmax,100,5,1,5,"[2.00960057414707, 7.1520471876798055, 6.699793951101027]",5.2871472376426345,0.1584938751647065,False
ETH,argmax,500,0,0.25,0,"[0.014785826738000742, 0.055378691288855905, 0.019388127455474746]",0.0298508818274438,0.1584938751647065,False
ETH,argmax,500,0,0.25,1,"[0.047408482787320044, 0.17091432935970519, 0.12992016480040378]",0.11608099231580966,0.1584938751647065,False
ETH,argmax,500,0,0.25,5,"[0.177899106984597, 0.6330568816431025, 0.5720483141801199]",0.46100143426927315,0.1584938751647065,False
ETH,argmax,500,0,0.5,0,"[0.029571653476001485, 0.11075738257771181, 0.03877625491094949]",0.0597017636548876,0.1584938751647065,False
ETH,argmax,500,0,0.5,1,"[0.09481696557464009, 0.34182865871941037, 0.25984032960080755]",0.23216198463161933,0.1584938751647065,False
ETH,argmax,500,0,0.5,5,"[0.355798213969194, 1.266113763286205, 1.1440966283602398]",0.9220028685385463,0.1584938751647065,False
ETH,argmax,500,0,1,0,"[0.05914330695200297, 0.22151476515542362, 0.07755250982189899]",0.1194035273097752,0.1584938751647065,False
ETH,argmax,500,0,1,1,"[0.18963393114928018, 0.6836573174388207, 0.5196806592016151]",0.46432396926323866,0.1584938751647065,False
ETH,argmax,500,0,1,5,"[0.711596427938388, 2.53222752657241, 2.2881932567204797]",1.8440057370770926,0.1584938751647065,False
ETH,argmax,500,5,0.25,0,"[0.34101394291605214, 1.2107362549786014, 1.124700860177768]",0.8921503526908072,0.1584938751647065,False
ETH,argmax,500,5,0.25,1,"[0.3736365989653714, 1.3262718930494508, 1.235232897522697]",0.9783804631791732,0.1584938751647065,False
ETH,argmax,500,5,0.25,5,"[0.5041272231626484, 1.7884144453328479, 1.6773610469024134]",1.3233009051326365,0.1584938751647065,False
ETH,argmax,500,5,0.5,0,"[0.6820278858321043, 2.4214725099572028, 2.249401720355536]",1.7843007053816144,0.1584938751647065,False
ETH,argmax,500,5,0.5,1,"[0.7472731979307428, 2.6525437860989016, 2.470465795045394]",1.9567609263583463,0.1584938751647065,False
ETH,argmax,500,5,0.5,5,"[1.0082544463252967, 3.5768288906656958, 3.3547220938048268]",2.646601810265273,0.1584938751647065,False
ETH,argmax,500,5,1,0,"[1.3640557716642085, 4.8429450199144055, 4.498803440711072]",3.568601410763229,0.1584938751647065,False
ETH,argmax,500,5,1,1,"[1.4945463958614855, 5.305087572197803, 4.940931590090788]",3.9135218527166926,0.1584938751647065,False
ETH,argmax,500,5,1,5,"[2.0165088926505934, 7.1536577813313915, 6.7094441876096536]",5.293203620530546,0.1584938751647065,False
ETH,fixed_confidence,0,0,0.25,0,"[0.0015860986861380686, -0.000924313972106545, 0.002295520067072427]",0.0009857682603679836,0.1584938751647065,False
ETH,fixed_confidence,0,0,0.25,1,"[-0.02657341839580388, -0.004061317813335738, -0.006038879046198665]",-0.012224538418446096,0.1584938751647065,True
ETH,fixed_confidence,0,0,0.25,5,"[-0.13921148672357164, -0.01660933317825251, -0.03937647549928303]",-0.0650657651337024,0.1584938751647065,True
ETH,fixed_confidence,0,0,0.5,0,"[0.0031721973722761373, -0.00184862794421309, 0.004591040134144854]",0.0019715365207359672,0.1584938751647065,False
ETH,fixed_confidence,0,0,0.5,1,"[-0.05314683679160776, -0.008122635626671476, -0.01207775809239733]",-0.02444907683689219,0.1584938751647065,True
ETH,fixed_confidence,0,0,0.5,5,"[-0.2784229734471433, -0.03321866635650502, -0.07875295099856607]",-0.1301315302674048,0.1584938751647065,True
ETH,fixed_confidence,0,0,1,0,"[0.006344394744552275, -0.00369725588842618, 0.009182080268289709]",0.0039430730414719345,0.1584938751647065,False
ETH,fixed_confidence,0,0,1,1,"[-0.10629367358321552, -0.016245271253342953, -0.02415551618479466]",-0.04889815367378438,0.1584938751647065,True
ETH,fixed_confidence,0,0,1,5,"[-0.5568459468942866, -0.06643733271301004, -0.15750590199713213]",-0.2602630605348096,0.1584938751647065,True
ETH,fixed_confidence,0,5,0.25,0,"[-0.2800094740502744, -0.03229428062866593, -0.08104931872879954]",-0.1311176911359133,0.1584938751647065,True
ETH,fixed_confidence,0,5,0.25,1,"[-0.3081689911322163, -0.03543128446989512, -0.08938371784207064]",-0.14432799781472735,0.1584938751647065,True
ETH,fixed_confidence,0,5,0.25,5,"[-0.4208070594599842, -0.047979299834811896, -0.122721314295155]",-0.19716922452998373,0.1584938751647065,True
ETH,fixed_confidence,0,5,0.5,0,"[-0.5600189481005488, -0.06458856125733187, -0.1620986374575991]",-0.2622353822718266,0.1584938751647065,True
ETH,fixed_confidence,0,5,0.5,1,"[-0.6163379822644326, -0.07086256893979025, -0.17876743568414127]",-0.2886559956294547,0.1584938751647065,True
ETH,fixed_confidence,0,5,0.5,5,"[-0.8416141189199684, -0.09595859966962379, -0.24544262859031]",-0.39433844905996746,0.1584938751647065,True
ETH,fixed_confidence,0,5,1,0,"[-1.1200378962010975, -0.12917712251466373, -0.3241972749151982]",-0.5244707645436532,0.1584938751647065,True
ETH,fixed_confidence,0,5,1,1,"[-1.2326759645288652, -0.1417251378795805, -0.35753487136828255]",-0.5773119912589094,0.1584938751647065,True
ETH,fixed_confidence,0,5,1,5,"[-1.6832282378399368, -0.19191719933924759, -0.49088525718062]",-0.7886768981199349,0.1584938751647065,True
ETH,fixed_confidence,100,0,0.25,0,"[0.00044118129367206227, -0.000960295444707037, 0.001709811692599554]",0.0003968991805215264,0.1584938751647065,False
ETH,fixed_confidence,100,0,0.25,1,"[-0.027718335788269884, -0.004097299285936231, -0.006624587420671539]",-0.012813407498292552,0.1584938751647065,True
ETH,fixed_confidence,100,0,0.25,5,"[-0.14035640411603764, -0.016645314650853005, -0.0399621838737559]",-0.06565463421354885,0.1584938751647065,True
ETH,fixed_confidence,100,0,0.5,0,"[0.0008823625873441245, -0.001920590889414074, 0.003419623385199108]",0.0007937983610430528,0.1584938751647065,False
ETH,fixed_confidence,100,0,0.5,1,"[-0.05543667157653977, -0.008194598571872462, -0.013249174841343078]",-0.025626814996585104,0.1584938751647065,True
ETH,fixed_confidence,100,0,0.5,5,"[-0.2807128082320753, -0.03329062930170601, -0.0799243677475118]",-0.1313092684270977,0.1584938751647065,True
ETH,fixed_confidence,100,0,1,0,"[0.001764725174688249, -0.003841181778828148, 0.006839246770398216]",0.0015875967220861057,0.1584938751647065,False
ETH,fixed_confidence,100,0,1,1,"[-0.11087334315307953, -0.016389197143744923, -0.026498349682686155]",-0.05125362999317021,0.1584938751647065,True
ETH,fixed_confidence,100,0,1,5,"[-0.5614256164641506, -0.06658125860341202, -0.1598487354950236]",-0.2626185368541954,0.1584938751647065,True
ETH,fixed_confidence,100,5,0.25,0,"[-0.281154134898316, -0.03233034935344082, -0.08163487825180658]",-0.13170645416785445,0.1584938751647065,True
ETH,fixed_confidence,100,5,0.25,1,"[-0.3093136519802579, -0.035467353194670016, -0.08996927736507768]",-0.14491676084666852,0.1584938751647065,True
ETH,fixed_confidence,100,5,0.25,5,"[-0.4219517203080257, -0.04801536855958679, -0.12330687381816205]",-0.19775798756192484,0.1584938751647065,True
ETH,fixed_confidence,100,5,0.5,0,"[-0.562308269796632, -0.06466069870688164, -0.16326975650361317]",-0.2634129083357089,0.1584938751647065,True
ETH,fixed_confidence,100,5,0.5,1,"[-0.6186273039605158, -0.07093470638934003, -0.17993855473015535]",-0.28983352169333704,0.1584938751647065,True
ETH,fixed_confidence,100,5,0.5,5,"[-0.8439034406160514, -0.09603073711917358, -0.2466137476363241]",-0.3955159751238497,0.1584938751647065,True
ETH,fixed_confidence,100,5,1,0,"[-1.124616539593264, -0.12932139741376328, -0.32653951300722633]",-0.5268258166714178,0.1584938751647065,True
ETH,fixed_confidence,100,5,1,1,"[-1.2372546079210316, -0.14186941277868007, -0.3598771094603107]",-0.5796670433866741,0.1584938751647065,True
ETH,fixed_confidence,100,5,1,5,"[-1.6878068812321028, -0.19206147423834716, -0.4932274952726482]",-0.7910319502476993,0.1584938751647065,True
ETH,fixed_confidence,500,0,0.25,0,"[-0.0024645991445758925, -0.0014140419816867564, 0.0002773995350852192]",-0.0012004138637258098,0.1584938751647065,True
ETH,fixed_confidence,500,0,0.25,1,"[-0.030624116226517836, -0.00455104582291595, -0.008056999578185873]",-0.014410720542539885,0.1584938751647065,True
ETH,fixed_confidence,500,0,0.25,5,"[-0.14326218455428563, -0.017099061187832724, -0.041394596031270235]",-0.0672519472577962,0.1584938751647065,True
ETH,fixed_confidence,500,0,0.5,0,"[-0.004929198289151785, -0.002828083963373513, 0.0005547990701704384]",-0.0024008277274516197,0.1584938751647065,True
ETH,fixed_confidence,500,0,0.5,1,"[-0.06124823245303567, -0.0091020916458319, -0.016113999156371746]",-0.02882144108507977,0.1584938751647065,True
ETH,fixed_confidence,500,0,0.5,5,"[-0.28652436910857126, -0.03419812237566545, -0.08278919206254047]",-0.1345038945155924,0.1584938751647065,True
ETH,fixed_confidence,500,0,1,0,"[-0.00985839657830357, -0.005656167926747026, 0.0011095981403408768]",-0.004801655454903239,0.1584938751647065,True
ETH,fixed_confidence,500,0,1,1,"[-0.12249646490607134, -0.0182041832916638, -0.03222799831274349]",-0.05764288217015954,0.1584938751647065,True
ETH,fixed_confidence,500,0,1,5,"[-0.5730487382171425, -0.0683962447513309, -0.16557838412508094]",-0.2690077890311848,0.1584938751647065,True
ETH,fixed_confidence,500,5,0.25,0,"[-0.2840589976323679, -0.03278402621423696, -0.08306660820021017]",-0.1333032106822717,0.1584938751647065,True
ETH,fixed_confidence,500,5,0.25,1,"[-0.31221851471430995, -0.03592103005546615, -0.09140100731348125]",-0.14651351736108578,0.1584938751647065,True
ETH,fixed_confidence,500,5,0.25,5,"[-0.42485658304207763, -0.04846904542038292, -0.12473860376656563]",-0.19935474407634204,0.1584938751647065,True
ETH,fixed_confidence,500,5,0.5,0,"[-0.5681179952647358, -0.06556805242847392, -0.16613321640042034]",-0.2666064213645434,0.1584938751647065,True
ETH,fixed_confidence,500,5,0.5,1,"[-0.6244370294286199, -0.0718420601109323, -0.1828020146269625]",-0.29302703472217156,0.1584938751647065,True
ETH,fixed_confidence,500,5,0.5,5,"[-0.8497131660841553, -0.09693809084076584, -0.24947720753313127]",-0.3987094881526841,0.1584938751647065,True
ETH,fixed_confidence,500,5,1,0,"[-1.1362359905294717, -0.13113610485694785, -0.33226643280084067]",-0.5332128427290868,0.1584938751647065,True
ETH,fixed_confidence,500,5,1,1,"[-1.2488740588572398, -0.1436841202218646, -0.365604029253925]",-0.5860540694443431,0.1584938751647065,True
ETH,fixed_confidence,500,5,1,5,"[-1.6994263321683105, -0.19387618168153167, -0.49895441506626254]",-0.7974189763053682,0.1584938751647065,True
